case,noise_profile,band_count,spacing_factor,objective,rank,dimension,mean_crlb,condition
mare_resources,optimistic,4,1.0,37.42584685336926,3,3,0.003840048149237102,233.17379784425748
mare_resources,optimistic,4,2.0,37.42584685336926,3,3,0.003840048149237102,233.17379784425748
mare_resources,optimistic,4,4.0,37.42584685336926,3,3,0.003840048149237102,233.17379784425748
mare_resources,optimistic,5,1.0,38.034356280764236,3,3,0.0035479106692273693,262.67875020832065
mare_resources,optimistic,5,2.0,38.034356280764236,3,3,0.0035479106692273693,262.67875020832065
mare_resources,optimistic,5,4.0,38.034356280764236,3,3,0.0035479106692273693,262.67875020832065
mare_resources,optimistic,6,1.0,38.60964361977573,3,3,0.0032355897493014617,259.8799761170249
mare_resources,optimistic,6,2.0,38.609144708381834,3,3,0.003041033654532649,170.46506760663905
mare_resources,optimistic,6,4.0,38.609144708381834,3,3,0.003041033654532649,170.46506760663905
mare_resources,optimistic,8,1.0,39.52259742919995,3,3,0.0026297234277404893,194.21522287949156
mare_resources,optimistic,8,2.0,39.44763965273229,3,3,0.00265897321486672,191.6686386387113
mare_resources,optimistic,8,4.0,39.39926555175051,3,3,0.002676643796204249,188.99350588206508
mare_resources,optimistic,10,1.0,40.19967501410328,3,3,0.002265083705962318,156.82223898048682
mare_resources,optimistic,10,2.0,40.07475099422132,3,3,0.0023100540449609353,158.88889483371784
mare_resources,optimistic,10,4.0,40.01855498547565,3,3,0.002319310928109054,138.39546059987657
mare_resources,optimistic,12,1.0,40.712971169597864,3,3,0.0020757133279867422,151.64039428281936
mare_resources,optimistic,12,2.0,40.586749510026024,3,3,0.002124857991073073,152.0149525051744
mare_resources,optimistic,12,4.0,40.50710060078583,3,3,0.002157230999125278,136.44153817215343
mare_resources,optimistic,16,1.0,41.51913800941489,3,3,0.0018411410463279995,167.0368135193957
mare_resources,optimistic,16,2.0,41.384412522396104,3,3,0.0018859152944327975,153.41368008140572
mare_resources,optimistic,16,4.0,41.24553059242628,3,3,0.0019316605949383635,153.8674751439218
mare_resources,optimistic,20,1.0,42.1403233058513,3,3,0.00163286298777006,148.88755281322608
mare_resources,optimistic,20,2.0,41.9849457417556,3,3,0.0017156618823657612,156.15919940118198
mare_resources,optimistic,20,4.0,41.814695929032645,3,3,0.0017875608340504438,171.12633621557825
mare_resources,reference,4,1.0,33.26709746718451,3,3,0.007680096298474204,233.17379784425748
mare_resources,reference,4,2.0,33.26709746718451,3,3,0.007680096298474204,233.17379784425748
mare_resources,reference,4,4.0,33.26709746718451,3,3,0.007680096298474204,233.17379784425748
mare_resources,reference,5,1.0,33.875586722049434,3,3,0.007095821338454739,262.67875020832065
mare_resources,reference,5,2.0,33.875586722049434,3,3,0.007095821338454739,262.67875020832065
mare_resources,reference,5,4.0,33.875586722049434,3,3,0.007095821338454739,262.67875020832065
mare_resources,reference,6,1.0,34.45085565805611,3,3,0.006471179498602923,259.8799761170249
mare_resources,reference,6,2.0,34.45034535313558,3,3,0.006082067309065298,170.46506760663905
mare_resources,reference,6,4.0,34.45034535313558,3,3,0.006082067309065298,170.46506760663905
mare_resources,reference,8,1.0,35.363776948367224,3,3,0.005259446855480979,194.21522287949156
mare_resources,reference,8,2.0,35.28882063319381,3,3,0.00531794642973344,191.6686386387113
mare_resources,reference,8,4.0,35.24044740337855,3,3,0.005353287592408498,188.99350588206508
mare_resources,reference,10,1.0,36.04083846509073,3,3,0.004530167411924636,156.82223898048682
mare_resources,reference,10,2.0,35.9159167087134,3,3,0.004620108089921871,158.88889483371784
mare_resources,reference,10,4.0,35.85972050874912,3,3,0.004638621856218108,138.39546059987657
mare_resources,reference,12,1.0,36.55412716883178,3,3,0.0041514266559734845,151.64039428281936
mare_resources,reference,12,2.0,36.4279072363424,3,3,0.004249715982146146,152.0149525051744
mare_resources,reference,12,4.0,36.348259717322065,3,3,0.004314461998250556,136.44153817215343
mare_resources,reference,16,1.0,37.36028573996868,3,3,0.003682282092655999,167.0368135193957
mare_resources,reference,16,2.0,37.22556172107538,3,3,0.003771830588865595,153.41368008140572
mare_resources,reference,16,4.0,37.08668148445013,3,3,0.003863321189876727,153.8674751439218
mare_resources,reference,20,1.0,37.9814644034038,3,3,0.00326572597554012,148.88755281322608
mare_resources,reference,20,2.0,37.82608931476356,3,3,0.0034313237647315225,156.15919940118198
mare_resources,reference,20,4.0,37.65584186513344,3,3,0.0035751216681008877,171.12633621557825
mare_resources,stressed,4,1.0,29.108749072926095,3,3,0.015360192596948407,233.17379784425748
mare_resources,stressed,4,2.0,29.108749072926095,3,3,0.015360192596948407,233.17379784425748
mare_resources,stressed,4,4.0,29.108749072926095,3,3,0.015360192596948407,233.17379784425748
mare_resources,stressed,5,1.0,29.71715766642742,3,3,0.014191642676909477,262.67875020832065
mare_resources,stressed,5,2.0,29.71715766642742,3,3,0.014191642676909477,262.67875020832065
mare_resources,stressed,5,4.0,29.71715766642742,3,3,0.014191642676909477,262.67875020832065
mare_resources,stressed,6,1.0,30.29235300488788,3,3,0.012942358997205847,259.8799761170249
mare_resources,stressed,6,2.0,30.291797147122985,3,3,0.012164134618130595,170.46506760663905
mare_resources,stressed,6,4.0,30.291797147122985,3,3,0.012164134618130595,170.46506760663905
mare_resources,stressed,8,1.0,31.205144253936172,3,3,0.010518893710961957,194.21522287949156
mare_resources,stressed,8,2.0,31.130193783402017,3,3,0.01063589285946688,191.6686386387113
mare_resources,stressed,8,4.0,31.081824037883315,3,3,0.010706575184816996,188.99350588206508
mare_resources,stressed,10,1.0,31.882141507336435,3,3,0.009060334823849272,156.82223898048682
mare_resources,stressed,10,2.0,31.757228804061953,3,3,0.009240216179843741,158.88889483371784
mare_resources,stressed,10,4.0,31.70103184005479,3,3,0.009277243712436215,138.39546059987657
mare_resources,stressed,12,1.0,32.39540040793834,3,3,0.008302853311946969,151.64039428281936
mare_resources,stressed,12,2.0,32.26918738307367,3,3,0.008499431964292292,152.0149525051744
mare_resources,stressed,12,4.0,32.18954542470607,3,3,0.008628923996501113,136.44153817215343
mare_resources,stressed,16,1.0,33.2015259073296,3,3,0.007364564185311998,167.0368135193957
mare_resources,stressed,16,2.0,33.06680776067617,3,3,0.00754366117773119,153.41368008140572
mare_resources,stressed,16,4.0,32.927934296878334,3,3,0.007726642379753454,153.8674751439218
mare_resources,stressed,20,1.0,33.82267804068072,3,3,0.00653145195108024,148.88755281322608
mare_resources,stressed,20,2.0,33.66731285333564,3,3,0.006862647529463045,156.15919940118198
mare_resources,stressed,20,4.0,33.49707485541586,3,3,0.007150243336201775,171.12633621557825
extended_longwave,optimistic,4,1.0,51.66399458211128,4,5,inf,inf
extended_longwave,optimistic,4,2.0,51.66399458211128,4,5,inf,inf
extended_longwave,optimistic,4,4.0,51.66399458211128,4,5,inf,inf
extended_longwave,optimistic,5,1.0,59.898126845399524,5,5,0.00668583575710181,1454.3472023173663
extended_longwave,optimistic,5,2.0,59.898126845399524,5,5,0.00668583575710181,1454.3472023173663
extended_longwave,optimistic,5,4.0,59.898126845399524,5,5,0.00668583575710181,1454.3472023173663
extended_longwave,optimistic,6,1.0,60.7679993686443,5,5,0.0053814515277842345,780.879345890933
extended_longwave,optimistic,6,2.0,60.7679993686443,5,5,0.0053814515277842345,780.879345890933
extended_longwave,optimistic,6,4.0,60.7679993686443,5,5,0.0053814515277842345,780.879345890933
extended_longwave,optimistic,8,1.0,62.3060680503579,5,5,0.004829437781009433,1334.3137355483595
extended_longwave,optimistic,8,2.0,62.3060680503579,5,5,0.004829437781009433,1334.3137355483595
extended_longwave,optimistic,8,4.0,62.30363302832494,5,5,0.004830857711972856,1333.6594891263646
extended_longwave,optimistic,10,1.0,63.5738471500657,5,5,0.004366060571840068,1067.7617467737095
extended_longwave,optimistic,10,2.0,63.5738471500657,5,5,0.004366060571840068,1067.7617467737095
extended_longwave,optimistic,10,4.0,63.56766337786101,5,5,0.004349115505252363,1052.1417475041092
extended_longwave,optimistic,12,1.0,64.49890033467905,5,5,0.003990642996369439,1428.6260430141244
extended_longwave,optimistic,12,2.0,64.49890033467905,5,5,0.003990642996369439,1428.6260430141244
extended_longwave,optimistic,12,4.0,64.49187623736036,5,5,0.0039775117880329535,1412.1680393320808
extended_longwave,optimistic,16,1.0,65.98043217409695,5,5,0.0036215068236592598,1635.9760095363245
extended_longwave,optimistic,16,2.0,65.91760467943877,5,5,0.0036491744860151854,1662.8261302996746
extended_longwave,optimistic,16,4.0,65.71476735675587,5,5,0.0036366090184165685,1756.7182235295165
extended_longwave,optimistic,20,1.0,67.04558647491453,5,5,0.003257133734192368,1584.5664826935192
extended_longwave,optimistic,20,2.0,66.96093799133571,5,5,0.0032433863463481724,1774.5610552832632
extended_longwave,optimistic,20,4.0,66.6167170886105,5,5,0.0032603648671828433,1808.262136440642
extended_longwave,reference,4,1.0,46.11893130564391,4,5,inf,inf
extended_longwave,reference,4,2.0,46.11893130564391,4,5,inf,inf
extended_longwave,reference,4,4.0,46.11893130564391,4,5,inf,inf
extended_longwave,reference,5,1.0,52.967610735162914,5,5,0.01337167151420362,1454.3472023173663
extended_longwave,reference,5,2.0,52.967610735162914,5,5,0.01337167151420362,1454.3472023173663
extended_longwave,reference,5,4.0,52.967610735162914,5,5,0.01337167151420362,1454.3472023173663
extended_longwave,reference,6,1.0,53.83708129394951,5,5,0.010762903055568469,780.879345890933
extended_longwave,reference,6,2.0,53.83708129394951,5,5,0.010762903055568469,780.879345890933
extended_longwave,reference,6,4.0,53.83708129394951,5,5,0.010762903055568469,780.879345890933
extended_longwave,reference,8,1.0,55.375067958703276,5,5,0.009658875562018866,1334.3137355483595
extended_longwave,reference,8,2.0,55.375067958703276,5,5,0.009658875562018866,1334.3137355483595
extended_longwave,reference,8,4.0,55.37263293882987,5,5,0.009661715423945711,1333.6594891263646
extended_longwave,reference,10,1.0,56.64275595383619,5,5,0.008732121143680136,1067.7617467737095
extended_longwave,reference,10,2.0,56.64275595383619,5,5,0.008732121143680136,1067.7617467737095
extended_longwave,reference,10,4.0,56.636568186042425,5,5,0.008698231010504726,1052.1417475041092
extended_longwave,reference,12,1.0,57.567744363982584,5,5,0.007981285992738878,1428.6260430141244
extended_longwave,reference,12,2.0,57.567744363982584,5,5,0.007981285992738878,1428.6260430141244
extended_longwave,reference,12,4.0,57.56071750184084,5,5,0.007955023576065907,1412.1680393320808
extended_longwave,reference,16,1.0,59.04922999096718,5,5,0.0072430136473185195,1635.9760095363245
extended_longwave,reference,16,2.0,58.98640749701997,5,5,0.007298348972030371,1662.8261302996746
extended_longwave,reference,16,4.0,58.78355753112163,5,5,0.007273218036833137,1756.7182235295165
extended_longwave,reference,20,1.0,60.11433708702404,5,5,0.006514267468384736,1584.5664826935192
extended_longwave,reference,20,2.0,60.02968095227141,5,5,0.006486772692696345,1774.5610552832632
extended_longwave,reference,20,4.0,59.68545277597124,5,5,0.006520729734365687,1808.262136440642
extended_longwave,stressed,4,1.0,40.57421045905196,4,5,inf,inf
extended_longwave,stressed,4,2.0,40.57421045905196,4,5,inf,inf
extended_longwave,stressed,4,4.0,40.57421045905196,4,5,inf,inf
extended_longwave,stressed,5,1.0,45.96528718510944,5,5,0.0299200615439958,1899.3221845084302
extended_longwave,stressed,5,2.0,45.96528718510944,5,5,0.0299200615439958,1899.3221845084302
extended_longwave,stressed,5,4.0,45.96528718510944,5,5,0.0299200615439958,1899.3221845084302
extended_longwave,stressed,6,1.0,46.93330236695641,5,5,0.025297802896960882,1275.543942613047
extended_longwave,stressed,6,2.0,46.93330236695641,5,5,0.025297802896960882,1275.543942613047
extended_longwave,stressed,6,4.0,46.93330236695641,5,5,0.025297802896960882,1275.543942613047
extended_longwave,stressed,8,1.0,48.50761159542985,5,5,0.022535264202854677,2106.0452438374496
extended_longwave,stressed,8,2.0,48.50761159542985,5,5,0.022535264202854677,2106.0452438374496
extended_longwave,stressed,8,4.0,48.45315893812633,5,5,0.022624890902805297,2097.527555261846
extended_longwave,stressed,10,1.0,49.724612151541095,5,5,0.019250620972012043,1893.4593219798853
extended_longwave,stressed,10,2.0,49.724612151541095,5,5,0.019250620972012043,1893.4593219798853
extended_longwave,stressed,10,4.0,49.673189400691484,5,5,0.01933916326230574,1890.5357455090564
extended_longwave,stressed,12,1.0,50.664279913022426,5,5,0.017379605863914894,1625.4871249041234
extended_longwave,stressed,12,2.0,50.63619540497736,5,5,0.01713929854430369,1553.325421974625
extended_longwave,stressed,12,4.0,50.4985564708481,5,5,0.017456622976725657,2195.31045162024
extended_longwave,stressed,16,1.0,52.11166766718478,5,5,0.014540115616655035,1639.163423793136
extended_longwave,stressed,16,2.0,52.05548890457774,5,5,0.015156501670013242,1917.1667596022387
extended_longwave,stressed,16,4.0,51.743479142848294,5,5,0.015020187626099912,1923.6943396792162
extended_longwave,stressed,20,1.0,53.16284066139004,5,5,0.013450545015999071,1706.20757331723
extended_longwave,stressed,20,2.0,53.08748457831259,5,5,0.013415111662120787,1941.6959563318392
extended_longwave,stressed,20,4.0,52.64880778148935,5,5,0.013912112852670366,2399.9417461150506
all_priority_groups,optimistic,4,1.0,52.189000544919764,4,6,inf,inf
all_priority_groups,optimistic,4,2.0,52.189000544919764,4,6,inf,inf
all_priority_groups,optimistic,4,4.0,52.189000544919764,4,6,inf,inf
all_priority_groups,optimistic,5,1.0,62.265457537047546,5,6,inf,inf
all_priority_groups,optimistic,5,2.0,62.265457537047546,5,6,inf,inf
all_priority_groups,optimistic,5,4.0,62.265457537047546,5,6,inf,inf
all_priority_groups,optimistic,6,1.0,71.35312266205239,6,6,0.0059568039295358295,591.5861097251342
all_priority_groups,optimistic,6,2.0,71.35312266205239,6,6,0.0059568039295358295,591.5861097251342
all_priority_groups,optimistic,6,4.0,71.35312266205239,6,6,0.0059568039295358295,591.5861097251342
all_priority_groups,optimistic,8,1.0,73.53072237292487,6,6,0.0040842271020880465,212.02623905923153
all_priority_groups,optimistic,8,2.0,73.53072237292487,6,6,0.0040842271020880465,212.02623905923153
all_priority_groups,optimistic,8,4.0,73.53072237292487,6,6,0.0040842271020880465,212.02623905923153
all_priority_groups,optimistic,10,1.0,74.76418921080229,6,6,0.003931595871681214,235.20583465537544
all_priority_groups,optimistic,10,2.0,74.71509846083868,6,6,0.003723927693710363,204.29202506964543
all_priority_groups,optimistic,10,4.0,74.66865487303767,6,6,0.003783496664389286,207.92726776994598
all_priority_groups,optimistic,12,1.0,75.85687756886466,6,6,0.003568822695477385,273.644438640899
all_priority_groups,optimistic,12,2.0,75.76026672913444,6,6,0.0034249635117929683,172.02112726114032
all_priority_groups,optimistic,12,4.0,75.67775664517045,6,6,0.0034424726714614297,172.76292068688704
all_priority_groups,optimistic,16,1.0,77.57942025472121,6,6,0.003115484880509152,268.5634499496907
all_priority_groups,optimistic,16,2.0,77.30039012663745,6,6,0.003055197695948421,214.5508507209591
all_priority_groups,optimistic,16,4.0,77.12465342587605,6,6,0.0029846004274858852,172.65635788443097
all_priority_groups,optimistic,20,1.0,78.84663188463587,6,6,0.0027178714918381208,207.22548748642149
all_priority_groups,optimistic,20,2.0,78.49142969629585,6,6,0.0027809273132127915,214.7543572124233
all_priority_groups,optimistic,20,4.0,78.15564042401495,6,6,0.0027951195127076233,186.83516602468643
all_priority_groups,reference,4,1.0,46.6438643832605,4,6,inf,inf
all_priority_groups,reference,4,2.0,46.6438643832605,4,6,inf,inf
all_priority_groups,reference,4,4.0,46.6438643832605,4,6,inf,inf
all_priority_groups,reference,5,1.0,55.334177865065975,5,6,inf,inf
all_priority_groups,reference,5,2.0,55.334177865065975,5,6,inf,inf
all_priority_groups,reference,5,4.0,55.334177865065975,5,6,inf,inf
all_priority_groups,reference,6,1.0,63.03621650584634,6,6,0.011913607859071659,591.5861097251342
all_priority_groups,reference,6,2.0,63.03621650584634,6,6,0.011913607859071659,591.5861097251342
all_priority_groups,reference,6,4.0,63.03621650584634,6,6,0.011913607859071659,591.5861097251342
all_priority_groups,reference,8,1.0,65.21332334493435,6,6,0.008168454204176093,212.02623905923153
all_priority_groups,reference,8,2.0,65.21332334493435,6,6,0.008168454204176093,212.02623905923153
all_priority_groups,reference,8,4.0,65.21332334493435,6,6,0.008168454204176093,212.02623905923153
all_priority_groups,reference,10,1.0,66.44676643120486,6,6,0.007863191743362427,235.20583465537544
all_priority_groups,reference,10,2.0,66.39763809352286,6,6,0.007447855387420726,204.29202506964543
all_priority_groups,reference,10,4.0,66.35119639262129,6,6,0.007566993328778572,207.92726776994598
all_priority_groups,reference,12,1.0,67.53939437749668,6,6,0.00713764539095477,273.644438640899
all_priority_groups,reference,12,2.0,67.4427515189109,6,6,0.006849927023585937,172.02112726114032
all_priority_groups,reference,12,4.0,67.36024261988435,6,6,0.006884945342922859,172.76292068688704
all_priority_groups,reference,16,1.0,69.26186724126455,6,6,0.006230969761018304,268.5634499496907
all_priority_groups,reference,16,2.0,68.98282714962156,6,6,0.006110395391896842,214.5508507209591
all_priority_groups,reference,16,4.0,68.80707843686841,6,6,0.0059692008549717705,172.65635788443097
all_priority_groups,reference,20,1.0,70.52902476364618,6,6,0.0054357429836762415,207.22548748642149
all_priority_groups,reference,20,2.0,70.17382961923882,6,6,0.005561854626425583,214.7543572124233
all_priority_groups,reference,20,4.0,69.83804327682024,6,6,0.005590239025415247,186.83516602468643
all_priority_groups,stressed,4,1.0,41.09885206344329,4,6,inf,inf
all_priority_groups,stressed,4,2.0,41.09885206344329,4,6,inf,inf
all_priority_groups,stressed,4,4.0,41.09885206344329,4,6,inf,inf
all_priority_groups,stressed,5,1.0,48.40347435622727,5,6,inf,inf
all_priority_groups,stressed,5,2.0,48.40347435622727,5,6,inf,inf
all_priority_groups,stressed,5,4.0,48.40347435622727,5,6,inf,inf
all_priority_groups,stressed,6,1.0,54.72188534430429,6,6,0.023827215718143318,591.5861097251342
all_priority_groups,stressed,6,2.0,54.72188534430429,6,6,0.023827215718143318,591.5861097251342
all_priority_groups,stressed,6,4.0,54.72188534430429,6,6,0.023827215718143318,591.5861097251342
all_priority_groups,stressed,8,1.0,56.897025054438195,6,6,0.016336908408352186,212.02623905923153
all_priority_groups,stressed,8,2.0,56.897025054438195,6,6,0.016336908408352186,212.02623905923153
all_priority_groups,stressed,8,4.0,56.897025054438195,6,6,0.016336908408352186,212.02623905923153
all_priority_groups,stressed,10,1.0,58.1303732075755,6,6,0.015726383486724855,235.20583465537544
all_priority_groups,stressed,10,2.0,58.08109466591383,6,6,0.014895710774841453,204.29202506964543
all_priority_groups,stressed,10,4.0,58.03466050703638,6,6,0.015133986657557144,207.92726776994598
all_priority_groups,stressed,12,1.0,59.22275970839886,6,6,0.01427529078190954,273.644438640899
all_priority_groups,stressed,12,2.0,59.1259888877351,6,6,0.013699854047171873,172.02112726114032
all_priority_groups,stressed,12,4.0,59.043484726383866,6,6,0.013769890685845719,172.76292068688704
all_priority_groups,stressed,16,1.0,60.94495346041145,6,6,0.012461939522036608,268.5634499496907
all_priority_groups,stressed,16,2.0,60.665873545875165,6,6,0.012220790783793683,214.5508507209591
all_priority_groups,stressed,16,4.0,60.49007681346849,6,6,0.011938401709943541,172.65635788443097
all_priority_groups,stressed,20,1.0,62.21189465936962,6,6,0.010871485967352483,207.22548748642149
all_priority_groups,stressed,20,2.0,61.85672768040982,6,6,0.011123709252851166,214.7543572124233
all_priority_groups,stressed,20,4.0,61.5209530562309,6,6,0.011180478050830493,186.83516602468643
individual_priority_minerals,optimistic,4,1.0,63.0323861462099,4,16,inf,inf
individual_priority_minerals,optimistic,4,2.0,63.0323861462099,4,16,inf,inf
individual_priority_minerals,optimistic,4,4.0,63.0323861462099,4,16,inf,inf
individual_priority_minerals,optimistic,5,1.0,76.26827771367657,5,16,inf,inf
individual_priority_minerals,optimistic,5,2.0,76.26827771367657,5,16,inf,inf
individual_priority_minerals,optimistic,5,4.0,76.26827771367657,5,16,inf,inf
individual_priority_minerals,optimistic,6,1.0,88.65398138118206,6,16,inf,inf
individual_priority_minerals,optimistic,6,2.0,88.65398138118206,6,16,inf,inf
individual_priority_minerals,optimistic,6,4.0,88.65398138118206,6,16,inf,inf
individual_priority_minerals,optimistic,8,1.0,112.66719774709527,8,16,inf,inf
individual_priority_minerals,optimistic,8,2.0,112.66719774709527,8,16,inf,inf
individual_priority_minerals,optimistic,8,4.0,112.66719774709527,8,16,inf,inf
individual_priority_minerals,optimistic,10,1.0,134.92119344584907,10,16,inf,inf
individual_priority_minerals,optimistic,10,2.0,134.92119344584907,10,16,inf,inf
individual_priority_minerals,optimistic,10,4.0,134.92119344584907,10,16,inf,inf
individual_priority_minerals,optimistic,12,1.0,156.00843213358397,12,16,inf,inf
individual_priority_minerals,optimistic,12,2.0,156.01178261289618,12,16,inf,inf
individual_priority_minerals,optimistic,12,4.0,155.89211504711778,12,16,inf,inf
individual_priority_minerals,optimistic,16,1.0,192.76219911699468,16,16,0.008092972219952574,90458.68466255946
individual_priority_minerals,optimistic,16,2.0,192.7535829304635,16,16,0.008106151830487183,89931.30385360605
individual_priority_minerals,optimistic,16,4.0,192.65536955098378,16,16,0.009442749389819928,201111.47369403907
individual_priority_minerals,optimistic,20,1.0,198.50201026777157,16,16,0.005895804745238099,64213.60457306171
individual_priority_minerals,optimistic,20,2.0,198.4881239606864,16,16,0.005545021285121205,48767.222340063076
individual_priority_minerals,optimistic,20,4.0,198.03483178579873,16,16,0.005681235673350661,52154.73149277117
individual_priority_minerals,reference,4,1.0,57.48721297325846,4,16,inf,inf
individual_priority_minerals,reference,4,2.0,57.48721297325846,4,16,inf,inf
individual_priority_minerals,reference,4,4.0,57.48721297325846,4,16,inf,inf
individual_priority_minerals,reference,5,1.0,69.33681671324906,5,16,inf,inf
individual_priority_minerals,reference,5,2.0,69.33681671324906,5,16,inf,inf
individual_priority_minerals,reference,5,4.0,69.33681671324906,5,16,inf,inf
individual_priority_minerals,reference,6,1.0,80.33624102495186,6,16,inf,inf
individual_priority_minerals,reference,6,2.0,80.33624102495186,6,16,inf,inf
individual_priority_minerals,reference,6,4.0,80.33624102495186,6,16,inf,inf
individual_priority_minerals,reference,8,1.0,101.57692248081,8,16,inf,inf
individual_priority_minerals,reference,8,2.0,101.57692248081,8,16,inf,inf
individual_priority_minerals,reference,8,4.0,101.57692248081,8,16,inf,inf
individual_priority_minerals,reference,10,1.0,121.05845613160511,10,16,inf,inf
individual_priority_minerals,reference,10,2.0,121.05845613160511,10,16,inf,inf
individual_priority_minerals,reference,10,4.0,121.05845613160511,10,16,inf,inf
individual_priority_minerals,reference,12,1.0,139.37345973458687,12,16,inf,inf
individual_priority_minerals,reference,12,2.0,139.37680775628687,12,16,inf,inf
individual_priority_minerals,reference,12,4.0,139.257137506149,12,16,inf,inf
individual_priority_minerals,reference,16,1.0,170.5860615997053,16,16,0.016185944439905148,90458.68466255946
individual_priority_minerals,reference,16,2.0,170.57745605218454,16,16,0.016212303660974366,89931.30385360605
individual_priority_minerals,reference,16,4.0,170.4816653457026,16,16,0.018885498779639857,201111.47369403907
individual_priority_minerals,reference,20,1.0,176.3238448379093,16,16,0.011791609490476198,64213.60457306171
individual_priority_minerals,reference,20,2.0,176.30957461229787,16,16,0.01109004257024241,48767.222340063076
individual_priority_minerals,reference,20,4.0,175.85632377520201,16,16,0.011362471346701321,52154.73149277117
individual_priority_minerals,stressed,4,1.0,51.942052609025836,4,16,inf,inf
individual_priority_minerals,stressed,4,2.0,51.942052609025836,4,16,inf,inf
individual_priority_minerals,stressed,4,4.0,51.942052609025836,4,16,inf,inf
individual_priority_minerals,stressed,5,1.0,62.40538810797349,5,16,inf,inf
individual_priority_minerals,stressed,5,2.0,62.40538810797349,5,16,inf,inf
individual_priority_minerals,stressed,5,4.0,62.40538810797349,5,16,inf,inf
individual_priority_minerals,stressed,6,1.0,72.01857807789919,6,16,inf,inf
individual_priority_minerals,stressed,6,2.0,72.01857807789919,6,16,inf,inf
individual_priority_minerals,stressed,6,4.0,72.01857807789919,6,16,inf,inf
individual_priority_minerals,stressed,8,1.0,90.4868860512202,8,16,inf,inf
individual_priority_minerals,stressed,8,2.0,90.4868860512202,8,16,inf,inf
individual_priority_minerals,stressed,8,4.0,90.4868860512202,8,16,inf,inf
individual_priority_minerals,stressed,10,1.0,107.19633758147435,10,16,inf,inf
individual_priority_minerals,stressed,10,2.0,107.19633758147435,10,16,inf,inf
individual_priority_minerals,stressed,10,4.0,107.19633758147435,10,16,inf,inf
individual_priority_minerals,stressed,12,1.0,122.74016595034816,12,16,inf,inf
individual_priority_minerals,stressed,12,2.0,122.74350415469607,12,16,inf,inf
individual_priority_minerals,stressed,12,4.0,122.62382329382689,12,16,inf,inf
individual_priority_minerals,stressed,16,1.0,148.42356240088728,16,16,0.032371888879810296,90458.68466255946
individual_priority_minerals,stressed,16,2.0,148.41499949784316,16,16,0.03242460732194873,89931.30385360605
individual_priority_minerals,stressed,16,4.0,148.32867229660724,16,16,0.03777099755927971,201111.47369403907
individual_priority_minerals,stressed,20,1.0,154.15328315165095,16,16,0.023583218980952395,64213.60457306171
individual_priority_minerals,stressed,20,2.0,154.13748874447487,16,16,0.02218008514048482,48767.222340063076
individual_priority_minerals,stressed,20,4.0,153.68440370166823,16,16,0.022724942693402642,52154.73149277117
