case,stress,band_count,spacing_factor,center_shift_fwhm,continuum_sigma,mae,rmse,p95_absolute_error,maximum_absolute_error,component_rmse,trials
mare_resources,nominal,5,1.0,0.0,0.0,0.007958045297811071,0.01031986339172156,0.021075030282732207,0.04585658652316921,"[0.010049606475033794, 0.008234545254167003, 0.010309886396340125, 0.012284227218013134]",300
mare_resources,calibration,5,1.0,0.1,0.02,0.018387930825544702,0.025559680831378676,0.05613721983443157,0.10672576677262113,"[0.036242552740197005, 0.02977621668169063, 0.011916754321739852, 0.01646312225071927]",300
mare_resources,combined,5,1.0,0.25,0.05,0.03656834283679891,0.05197714803998236,0.11512755934907042,0.23188668179994198,"[0.07532534839511532, 0.06002837571364817, 0.02297791954578119, 0.031641695358563905]",300
extended_longwave,nominal,8,1.0,0.0,0.0,0.008480366686439032,0.011590005139771977,0.025481760164664795,0.05525017449347908,"[0.012893407439163165, 0.011443978695100785, 0.015223276695512857, 0.014555624353915008, 0.006734649531104926, 0.004449140713240707]",300
extended_longwave,calibration,8,1.0,0.1,0.02,0.010356848787177035,0.014598991509962961,0.031050361897986926,0.07017131698238893,"[0.013563375728780618, 0.012247921293152903, 0.02235562531753087, 0.018676416882464, 0.007281330170270494, 0.006573148524913732]",300
extended_longwave,combined,8,1.0,0.25,0.05,0.018927418675008776,0.026662938469673204,0.057509955558383716,0.128525868490173,"[0.024854160201264377, 0.023604185932606374, 0.0342588063865385, 0.03906403538364674, 0.01330033828130976, 0.014629531102940378]",300
all_priority_groups,nominal,8,1.0,0.0,0.0,0.018198823836070847,0.02643945565237373,0.058666597766949075,0.14911447543843093,"[0.01952549881026598, 0.018700092674354307, 0.01619314755523162, 0.03773363989925774, 0.030468527024307825, 0.006917224604623025, 0.03873177498493434]",300
all_priority_groups,calibration,8,1.0,0.1,0.02,0.01923895130207548,0.026966223192633015,0.05718344220829563,0.14337833411441547,"[0.023614540586574938, 0.02192744243747263, 0.0172119626865921, 0.03623838753307427, 0.02946858718398478, 0.00868043524274589, 0.038711253103136486]",300
all_priority_groups,combined,8,1.0,0.25,0.05,0.0332133252170287,0.045209055052429475,0.09378333546789362,0.21899731744294315,"[0.047727072297179, 0.031835152311232455, 0.03721742756134339, 0.058489173864001466, 0.047208417197595526, 0.01940445883196428, 0.06003642401038561]",300
individual_priority_minerals,nominal,20,1.0,0.0,0.0,0.010219557316340062,0.01738635780747594,0.0356106052562708,0.19236435941049046,"[0.009874826840099653, 0.018419765971770106, 0.03105834409352816, 0.02448715592569932, 0.009574533359861062, 0.005444812529910171, 0.01011854978008833, 0.00988835850699429, 0.011200287227077407, 0.04894122444030783, 0.009662602999821246, 0.004176680275281715, 0.006035386375101115, 0.007691477935997824, 0.006367398525142939, 0.004058142750055884, 0.005677245214931322]",300
individual_priority_minerals,calibration,20,1.0,0.1,0.02,0.011365309069587635,0.019021035180223096,0.03930761444222919,0.17957601385474592,"[0.010025712206964858, 0.023051927147183807, 0.031434581992422855, 0.029215944364828227, 0.011750723122736107, 0.00801779774871577, 0.015225427777721406, 0.010900025197722717, 0.012071654405219675, 0.05162297205217713, 0.009295728852550159, 0.004426065428310819, 0.007273576924259769, 0.007626745072274199, 0.006290762769963779, 0.0044012610211588464, 0.006109271874700913]",300
individual_priority_minerals,combined,20,1.0,0.25,0.05,0.019459850297554142,0.031557956880619416,0.06042685081556595,0.2893558579014908,"[0.01736057772243728, 0.033468493332661324, 0.05396336670195345, 0.042978214621285385, 0.017511875456596215, 0.012965399910051597, 0.028771737637451517, 0.022534914917619484, 0.020108986289923296, 0.08416424587293486, 0.019290170448113254, 0.010745136036210355, 0.014576317550912982, 0.01428067256271629, 0.01610629482348459, 0.012737074476179734, 0.011209906643885279]",300
